{
  "posts": [
    {
      "id": "1",
      "title": "a title",
      "views": 100
    },
    {
      "id": "2",
      "title": "another title",
      "views": 200
    }
  ],
  "comments": [
    {
      "id": "1",
      "text": "a comment about post 1",
      "postId": "1"
    },
    {
      "id": "2",
      "text": "another comment about post 1",
      "postId": "1"
    }
  ],
  "profile": {
    "name": "typicode"
  },
  "users": [
    {
      "name": "sailu isuka",
      "email": "sailu@gmail.com",
      "id": "938b"
    },
    {
      "id": "ce17",
      "name": "Siva",
      "email": "dnmsnvdsv@gmail.com"
    }
  ],
  "products": [
    {
      "id": "d3dd",
      "name": "apple",
      "price": 100,
      "qty": 100
    },
    {
      "id": "7018",
      "name": "banana",
      "price": 50,
      "qty": 12
    }
  ]
}